activity,timestamp,x-axis,y-axis,z-axis
Idle,17/9/2020 16:02:19.052,-0.467346,-0.119965,9.896912
Idle,17/9/2020 16:02:19.052,-0.460175,-0.110382,9.914856
Idle,17/9/2020 16:02:19.052,-0.457779,-0.115173,9.905289
Idle,17/9/2020 16:02:19.052,-0.450592,-0.112778,9.900497
Idle,17/9/2020 16:02:19.052,-0.45896899999999996,-0.099609,9.904099
Idle,17/9/2020 16:02:19.052,-0.452988,-0.112778,9.900497
Idle,17/9/2020 16:02:19.052,-0.464966,-0.112778,9.914871
Idle,17/9/2020 16:02:19.052,-0.457779,-0.096024,9.902892999999999
Idle,17/9/2020 16:02:19.052,-0.45896899999999996,-0.102005,9.907684
Idle,17/9/2020 16:02:19.053,-0.46376000000000006,-0.110382,9.906494
Idle,17/9/2020 16:02:19.053,-0.45657299999999995,-0.117569,9.906479
Idle,17/9/2020 16:02:19.053,-0.462555,-0.125946,9.896912
Idle,17/9/2020 16:02:19.053,-0.4422,-0.128342,9.917266999999999
Idle,17/9/2020 16:02:19.053,-0.457779,-0.111572,9.895706
Idle,17/9/2020 16:02:19.053,-0.455383,-0.12355,9.901703
Idle,17/9/2020 16:02:19.053,-0.45417799999999997,-0.110382,9.920853
Idle,17/9/2020 16:02:19.053,-0.449387,-0.10319500000000001,9.912460000000001
Idle,17/9/2020 16:02:19.053,-0.452988,-0.110382,9.913666000000001
Idle,17/9/2020 16:02:19.053,-0.457779,-0.11636400000000001,9.904083
Idle,17/9/2020 16:02:19.053,-0.46136499999999997,-0.112778,9.902892999999999
Idle,17/9/2020 16:02:19.053,-0.45178199999999996,-0.121155,9.907684
Idle,17/9/2020 16:02:19.053,-0.46257,-0.111572,9.912476
Idle,17/9/2020 16:02:19.053,-0.460175,-0.113968,9.914871
Idle,17/9/2020 16:02:19.053,-0.464966,-0.117569,9.887329
Idle,17/9/2020 16:02:19.053,-0.45657299999999995,-0.106796,9.898102
Idle,17/9/2020 16:02:19.053,-0.44221499999999997,-0.113968,9.918457
Idle,17/9/2020 16:02:19.053,-0.464951,-0.12236,9.916061000000001
Idle,17/9/2020 16:02:19.053,-0.466156,-0.105591,9.91127
Idle,17/9/2020 16:02:19.053,-0.46136499999999997,-0.109177,9.913666000000001
Idle,17/9/2020 16:02:19.053,-0.45178199999999996,-0.109177,9.901703
Idle,17/9/2020 16:02:19.053,-0.462555,-0.11636400000000001,9.904099
Idle,17/9/2020 16:02:19.053,-0.457779,-0.102005,9.91008
Idle,17/9/2020 16:02:19.053,-0.46257,-0.10798599999999998,9.923248
Idle,17/9/2020 16:02:19.053,-0.45657299999999995,-0.115173,9.917252000000001
Idle,17/9/2020 16:02:19.053,-0.45417799999999997,-0.111572,9.906494
Idle,17/9/2020 16:02:19.053,-0.45657299999999995,-0.117569,9.907684
Idle,17/9/2020 16:02:19.053,-0.455383,-0.11636400000000001,9.91008
Idle,17/9/2020 16:02:19.053,-0.45896899999999996,-0.121155,9.902892999999999
Idle,17/9/2020 16:02:19.053,-0.450592,-0.112778,9.91127
Idle,17/9/2020 16:02:19.053,-0.455383,-0.111572,9.907684
Idle,17/9/2020 16:02:19.053,-0.462555,-0.112778,9.899307
Idle,17/9/2020 16:02:19.053,-0.448196,-0.115173,9.905289
Idle,17/9/2020 16:02:19.053,-0.46136499999999997,-0.117569,9.913666000000001
Idle,17/9/2020 16:02:19.053,-0.462555,-0.113968,9.919647
Idle,17/9/2020 16:02:19.053,-0.449387,-0.110382,9.916061000000001
Idle,17/9/2020 16:02:19.053,-0.462555,-0.119965,9.906494
Idle,17/9/2020 16:02:19.053,-0.455383,-0.1008,9.912476
Idle,17/9/2020 16:02:19.053,-0.450592,-0.105591,9.900497
Idle,17/9/2020 16:02:19.053,-0.452988,-0.115173,9.91127
Idle,17/9/2020 16:02:19.053,-0.455383,-0.11636400000000001,9.913666000000001
Idle,17/9/2020 16:02:19.053,-0.46376000000000006,-0.117569,9.900497
Idle,17/9/2020 16:02:19.053,-0.455383,-0.110382,9.905289
Idle,17/9/2020 16:02:19.053,-0.45178199999999996,-0.128342,9.912476
Idle,17/9/2020 16:02:19.053,-0.46376000000000006,-0.117569,9.906494
Idle,17/9/2020 16:02:19.053,-0.457779,-0.12236,9.913666000000001
Idle,17/9/2020 16:02:19.053,-0.45896899999999996,-0.111572,9.901703
Idle,17/9/2020 16:02:19.053,-0.46136499999999997,-0.117569,9.904099
Idle,17/9/2020 16:02:19.053,-0.45896899999999996,-0.119965,9.917252000000001
Idle,17/9/2020 16:02:19.053,-0.46136499999999997,-0.110382,9.902892999999999
Idle,17/9/2020 16:02:19.053,-0.455383,-0.11636400000000001,9.914856
Idle,17/9/2020 16:02:19.053,-0.45536800000000005,-0.106796,9.918457
Idle,17/9/2020 16:02:19.053,-0.45417799999999997,-0.11875899999999999,9.912460000000001
Idle,17/9/2020 16:02:19.053,-0.45417799999999997,-0.113968,9.91008
Idle,17/9/2020 16:02:19.053,-0.45896899999999996,-0.10919200000000001,9.917252000000001
Idle,17/9/2020 16:02:19.053,-0.45657299999999995,-0.115173,9.916061000000001
Idle,17/9/2020 16:02:19.053,-0.45657299999999995,-0.12475599999999999,9.906494
Idle,17/9/2020 16:02:19.053,-0.46257,-0.117569,9.908875
Idle,17/9/2020 16:02:19.053,-0.457779,-0.121155,9.91127
Idle,17/9/2020 16:02:19.053,-0.466156,-0.11875899999999999,9.923248
Idle,17/9/2020 16:02:19.053,-0.455383,-0.115173,9.907684
Idle,17/9/2020 16:02:19.053,-0.45178199999999996,-0.11636400000000001,9.91008
Idle,17/9/2020 16:02:19.053,-0.45896899999999996,-0.115173,9.917266999999999
Idle,17/9/2020 16:02:19.053,-0.457779,-0.104401,9.896912
Idle,17/9/2020 16:02:19.053,-0.45896899999999996,-0.113968,9.904099
Idle,17/9/2020 16:02:19.053,-0.46136499999999997,-0.110382,9.917252000000001
Idle,17/9/2020 16:02:19.053,-0.447006,-0.10798599999999998,9.906494
Idle,17/9/2020 16:02:19.053,-0.45536800000000005,-0.11636400000000001,9.914871
Idle,17/9/2020 16:02:19.053,-0.45896899999999996,-0.113968,9.901703
Idle,17/9/2020 16:02:19.053,-0.46136499999999997,-0.117569,9.908875
Idle,17/9/2020 16:02:19.053,-0.45417799999999997,-0.106796,9.905289
Idle,17/9/2020 16:02:19.053,-0.46376000000000006,-0.102005,9.895706
Idle,17/9/2020 16:02:19.053,-0.45657299999999995,-0.10798599999999998,9.913666000000001
Idle,17/9/2020 16:02:19.054,-0.450592,-0.102005,9.902892999999999
Idle,17/9/2020 16:02:19.054,-0.452988,-0.10798599999999998,9.913666000000001
Idle,17/9/2020 16:02:19.054,-0.46015900000000004,-0.111572,9.899307
Idle,17/9/2020 16:02:19.054,-0.45178199999999996,-0.119965,9.917252000000001
Idle,17/9/2020 16:02:19.054,-0.45896899999999996,-0.106796,9.89093
Idle,17/9/2020 16:02:19.054,-0.464951,-0.106796,9.898102
Idle,17/9/2020 16:02:19.054,-0.45896899999999996,-0.100815,9.906494
Idle,17/9/2020 16:02:19.054,-0.448196,-0.10798599999999998,9.902892999999999
Idle,17/9/2020 16:02:22.688,-0.455383,-0.11636400000000001,9.917252000000001
Idle,17/9/2020 16:02:22.688,-0.457779,-0.110382,9.912476
Idle,17/9/2020 16:02:22.688,-0.469742,-0.113968,9.889725
Idle,17/9/2020 16:02:22.688,-0.45417799999999997,-0.104401,9.902892999999999
Idle,17/9/2020 16:02:22.688,-0.46136499999999997,-0.121155,9.902892999999999
Idle,17/9/2020 16:02:22.688,-0.455383,-0.117569,9.917266999999999
Idle,17/9/2020 16:02:22.688,-0.470947,-0.117569,9.896912
Idle,17/9/2020 16:02:22.688,-0.466156,-0.11636400000000001,9.907684
Idle,17/9/2020 16:02:22.688,-0.466156,-0.112778,9.902892999999999
Idle,17/9/2020 16:02:22.688,-0.45178199999999996,-0.115173,9.906494
Idle,17/9/2020 16:02:22.688,-0.45896899999999996,-0.109177,9.89212
Idle,17/9/2020 16:02:22.688,-0.457779,-0.110382,9.916061000000001
Idle,17/9/2020 16:02:22.688,-0.44459499999999996,-0.112778,9.907684
Idle,17/9/2020 16:02:22.688,-0.462555,-0.10919200000000001,9.913666000000001
Idle,17/9/2020 16:02:22.688,-0.45657299999999995,-0.10919200000000001,9.906494
Idle,17/9/2020 16:02:22.688,-0.457779,-0.115173,9.906494
Idle,17/9/2020 16:02:22.688,-0.45178199999999996,-0.110382,9.906494
Idle,17/9/2020 16:02:22.688,-0.449387,-0.11636400000000001,9.919647
Idle,17/9/2020 16:02:22.688,-0.450592,-0.115173,9.913666000000001
Idle,17/9/2020 16:02:22.688,-0.45417799999999997,-0.112778,9.905289
Idle,17/9/2020 16:02:22.688,-0.45896899999999996,-0.111572,9.913666000000001
Idle,17/9/2020 16:02:22.688,-0.45657299999999995,-0.111572,9.906494
Idle,17/9/2020 16:02:22.688,-0.45417799999999997,-0.113968,9.913666000000001
Idle,17/9/2020 16:02:22.688,-0.44221499999999997,-0.10919200000000001,9.900497
Idle,17/9/2020 16:02:22.688,-0.460175,-0.110382,9.90889
Idle,17/9/2020 16:02:22.688,-0.45657299999999995,-0.112778,9.902892999999999
Idle,17/9/2020 16:02:22.688,-0.464951,-0.10798599999999998,9.922042999999999
Idle,17/9/2020 16:02:22.688,-0.449387,-0.106781,9.91127
Idle,17/9/2020 16:02:22.688,-0.457779,-0.110382,9.904099
Idle,17/9/2020 16:02:22.688,-0.450592,-0.12236,9.894516000000001
Idle,17/9/2020 16:02:22.688,-0.45178199999999996,-0.109177,9.904083
Idle,17/9/2020 16:02:22.688,-0.45657299999999995,-0.102005,9.904099
Idle,17/9/2020 16:02:22.688,-0.45417799999999997,-0.117569,9.902892999999999
Idle,17/9/2020 16:02:22.688,-0.460175,-0.121155,9.913666000000001
Idle,17/9/2020 16:02:22.688,-0.46257,-0.111588,9.899307
Idle,17/9/2020 16:02:22.688,-0.452988,-0.117569,9.91008
Idle,17/9/2020 16:02:22.688,-0.457779,-0.11636400000000001,9.905289
Idle,17/9/2020 16:02:22.688,-0.45896899999999996,-0.104401,9.91127
Idle,17/9/2020 16:02:22.688,-0.452988,-0.112778,9.901703
Idle,17/9/2020 16:02:22.688,-0.45178199999999996,-0.121155,9.91127
Idle,17/9/2020 16:02:22.688,-0.450592,-0.119965,9.908875
Idle,17/9/2020 16:02:22.688,-0.45417799999999997,-0.110382,9.91127
Idle,17/9/2020 16:02:22.688,-0.45417799999999997,-0.111572,9.91127
Idle,17/9/2020 16:02:22.688,-0.452988,-0.112778,9.91127
Idle,17/9/2020 16:02:22.688,-0.45417799999999997,-0.12236,9.905289
Idle,17/9/2020 16:02:22.688,-0.46136499999999997,-0.11875899999999999,9.906494
Idle,17/9/2020 16:02:22.688,-0.452988,-0.117569,9.900497
Idle,17/9/2020 16:02:22.688,-0.449387,-0.112778,9.916061000000001
Idle,17/9/2020 16:02:22.688,-0.445801,-0.111588,9.901688
Idle,17/9/2020 16:02:22.688,-0.452988,-0.113968,9.906479
Idle,17/9/2020 16:02:22.688,-0.455383,-0.12236,9.905289
Idle,17/9/2020 16:02:22.688,-0.455383,-0.110382,9.913666000000001
Idle,17/9/2020 16:02:22.688,-0.45896899999999996,-0.115173,9.912476
Idle,17/9/2020 16:02:22.688,-0.45896899999999996,-0.119965,9.90889
Idle,17/9/2020 16:02:22.688,-0.466156,-0.119965,9.906494
Idle,17/9/2020 16:02:22.689,-0.445801,-0.112778,9.916061000000001
Idle,17/9/2020 16:02:22.689,-0.45896899999999996,-0.110382,9.919647
Idle,17/9/2020 16:02:22.689,-0.44699099999999997,-0.111588,9.894516000000001
Idle,17/9/2020 16:02:22.689,-0.45417799999999997,-0.121155,9.907684
Idle,17/9/2020 16:02:22.689,-0.45896899999999996,-0.113968,9.914871
Idle,17/9/2020 16:02:22.689,-0.46136499999999997,-0.113968,9.919647
Idle,17/9/2020 16:02:22.689,-0.46136499999999997,-0.10798599999999998,9.91008
Idle,17/9/2020 16:02:22.689,-0.46015900000000004,-0.110382,9.900497
Idle,17/9/2020 16:02:22.689,-0.444611,-0.12236,9.912476
Idle,17/9/2020 16:02:22.689,-0.45178199999999996,-0.109177,9.912476
Idle,17/9/2020 16:02:22.689,-0.45178199999999996,-0.119965,9.902892999999999
Idle,17/9/2020 16:02:22.689,-0.464966,-0.109177,9.906494
Idle,17/9/2020 16:02:22.689,-0.455383,-0.11875899999999999,9.904099
Idle,17/9/2020 16:02:22.689,-0.445801,-0.12236,9.91127
Idle,17/9/2020 16:02:22.689,-0.45657299999999995,-0.112778,9.918457
Idle,17/9/2020 16:02:22.689,-0.468552,-0.104401,9.905289
Idle,17/9/2020 16:02:22.689,-0.450592,-0.11636400000000001,9.906494
Idle,17/9/2020 16:02:22.689,-0.45178199999999996,-0.115173,9.912476
Idle,17/9/2020 16:02:22.689,-0.452988,-0.110382,9.907684
Idle,17/9/2020 16:02:22.689,-0.455383,-0.10321,9.901703
Idle,17/9/2020 16:02:22.689,-0.45178199999999996,-0.105591,9.889725
Idle,17/9/2020 16:02:22.689,-0.45896899999999996,-0.110382,9.908875
Idle,17/9/2020 16:02:22.689,-0.452988,-0.115173,9.919647
Idle,17/9/2020 16:02:22.689,-0.45417799999999997,-0.113968,9.894516000000001
Idle,17/9/2020 16:02:22.689,-0.450592,-0.113968,9.894516000000001
Idle,17/9/2020 16:02:22.689,-0.460175,-0.10919200000000001,9.913666000000001
Idle,17/9/2020 16:02:22.689,-0.45178199999999996,-0.112778,9.899307
Idle,17/9/2020 16:02:22.689,-0.45657299999999995,-0.112778,9.916061000000001
Idle,17/9/2020 16:02:22.689,-0.460175,-0.11636400000000001,9.900497
Idle,17/9/2020 16:02:22.689,-0.460175,-0.113968,9.900497
Idle,17/9/2020 16:02:22.689,-0.466156,-0.119965,9.904099
Idle,17/9/2020 16:02:22.689,-0.45657299999999995,-0.11875899999999999,9.91008
Idle,17/9/2020 16:02:22.689,-0.45178199999999996,-0.119965,9.906479
Idle,17/9/2020 16:02:22.689,-0.460175,-0.115173,9.900497
Idle,17/9/2020 16:02:22.689,-0.457779,-0.099609,9.902892999999999
Idle,17/9/2020 16:02:26.299,-0.45896899999999996,-0.12355,9.912476
Idle,17/9/2020 16:02:26.299,-0.466156,-0.102005,9.907684
Idle,17/9/2020 16:02:26.299,-0.447006,-0.117569,9.904099
Idle,17/9/2020 16:02:26.299,-0.45417799999999997,-0.127151,9.91008
Idle,17/9/2020 16:02:26.299,-0.448196,-0.109177,9.904099
Idle,17/9/2020 16:02:26.299,-0.457779,-0.102005,9.901703
Idle,17/9/2020 16:02:26.299,-0.45178199999999996,-0.110382,9.913666000000001
Idle,17/9/2020 16:02:26.299,-0.460175,-0.12355,9.895706
Idle,17/9/2020 16:02:26.299,-0.46136499999999997,-0.112778,9.906494
Idle,17/9/2020 16:02:26.299,-0.45417799999999997,-0.10798599999999998,9.925644
Idle,17/9/2020 16:02:26.299,-0.460175,-0.110382,9.900497
Idle,17/9/2020 16:02:26.299,-0.460175,-0.11875899999999999,9.907684
Idle,17/9/2020 16:02:26.299,-0.450592,-0.106796,9.914871
Idle,17/9/2020 16:02:26.299,-0.44459499999999996,-0.117569,9.908875
Idle,17/9/2020 16:02:26.299,-0.449387,-0.119965,9.912476
Idle,17/9/2020 16:02:26.299,-0.460175,-0.117569,9.91008
Idle,17/9/2020 16:02:26.299,-0.443405,-0.12236,9.914856
Idle,17/9/2020 16:02:26.299,-0.45657299999999995,-0.104401,9.901703
Idle,17/9/2020 16:02:26.299,-0.445801,-0.117569,9.907684
Idle,17/9/2020 16:02:26.299,-0.460175,-0.113968,9.907684
Idle,17/9/2020 16:02:26.299,-0.45417799999999997,-0.115173,9.901688
Idle,17/9/2020 16:02:26.299,-0.445801,-0.121155,9.901703
Idle,17/9/2020 16:02:26.299,-0.44699099999999997,-0.113968,9.898102
Idle,17/9/2020 16:02:26.3,-0.45896899999999996,-0.10319500000000001,9.907684
Idle,17/9/2020 16:02:26.3,-0.45896899999999996,-0.12475599999999999,9.905289
Idle,17/9/2020 16:02:26.3,-0.457779,-0.112778,9.912476
Idle,17/9/2020 16:02:26.3,-0.460175,-0.106781,9.908875
Idle,17/9/2020 16:02:26.3,-0.445801,-0.119965,9.902892999999999
Idle,17/9/2020 16:02:26.3,-0.449387,-0.115173,9.899307
Idle,17/9/2020 16:02:26.3,-0.45896899999999996,-0.10319500000000001,9.904099
Idle,17/9/2020 16:02:26.3,-0.444611,-0.111588,9.900497
Idle,17/9/2020 16:02:26.3,-0.45417799999999997,-0.109177,9.924438
Idle,17/9/2020 16:02:26.3,-0.455383,-0.111588,9.900497
Idle,17/9/2020 16:02:26.3,-0.45896899999999996,-0.136719,9.902892999999999
Idle,17/9/2020 16:02:26.3,-0.457779,-0.106796,9.899307
Idle,17/9/2020 16:02:26.3,-0.45657299999999995,-0.111572,9.905289
Idle,17/9/2020 16:02:26.3,-0.457779,-0.112778,9.906479
Idle,17/9/2020 16:02:26.3,-0.450592,-0.110382,9.922042999999999
Idle,17/9/2020 16:02:26.3,-0.45896899999999996,-0.110382,9.91008
Idle,17/9/2020 16:02:26.3,-0.455383,-0.10798599999999998,9.913666000000001
Idle,17/9/2020 16:02:26.3,-0.44699099999999997,-0.112778,9.895706
Idle,17/9/2020 16:02:26.3,-0.45896899999999996,-0.12475599999999999,9.89212
Idle,17/9/2020 16:02:26.3,-0.45896899999999996,-0.112778,9.91127
Idle,17/9/2020 16:02:26.3,-0.46376000000000006,-0.111572,9.902892999999999
Idle,17/9/2020 16:02:26.3,-0.452988,-0.111572,9.913666000000001
Idle,17/9/2020 16:02:26.3,-0.464966,-0.111572,9.90889
Idle,17/9/2020 16:02:26.3,-0.45417799999999997,-0.111572,9.907684
Idle,17/9/2020 16:02:26.3,-0.450592,-0.110382,9.901703
Idle,17/9/2020 16:02:26.301,-0.45657299999999995,-0.099609,9.917252000000001
Idle,17/9/2020 16:02:26.301,-0.455383,-0.110382,9.907684
Idle,17/9/2020 16:02:26.301,-0.45178199999999996,-0.113968,9.908875
Idle,17/9/2020 16:02:26.301,-0.45657299999999995,-0.112778,9.905289
Idle,17/9/2020 16:02:26.301,-0.45417799999999997,-0.113968,9.91127
Idle,17/9/2020 16:02:26.301,-0.452988,-0.112778,9.919647
Idle,17/9/2020 16:02:26.301,-0.45178199999999996,-0.112778,9.906479
Idle,17/9/2020 16:02:26.301,-0.45896899999999996,-0.117569,9.90889
Idle,17/9/2020 16:02:26.301,-0.45896899999999996,-0.104401,9.912476
Idle,17/9/2020 16:02:26.301,-0.45417799999999997,-0.110382,9.91008
Idle,17/9/2020 16:02:26.301,-0.45657299999999995,-0.104401,9.931625
Idle,17/9/2020 16:02:26.301,-0.45657299999999995,-0.105591,9.907684
Idle,17/9/2020 16:02:26.301,-0.46136499999999997,-0.10919200000000001,9.923248
Idle,17/9/2020 16:02:26.301,-0.449402,-0.102005,9.91008
Idle,17/9/2020 16:02:26.301,-0.460175,-0.104401,9.906494
Idle,17/9/2020 16:02:26.301,-0.457779,-0.112778,9.91127
Idle,17/9/2020 16:02:26.301,-0.469742,-0.104401,9.901703
Idle,17/9/2020 16:02:26.301,-0.455383,-0.113968,9.899307
Idle,17/9/2020 16:02:26.301,-0.45417799999999997,-0.109177,9.914856
Idle,17/9/2020 16:02:26.301,-0.450592,-0.10798599999999998,9.91008
Idle,17/9/2020 16:02:26.301,-0.457779,-0.109177,9.91127
Idle,17/9/2020 16:02:26.301,-0.45896899999999996,-0.113968,9.916061000000001
Idle,17/9/2020 16:02:26.301,-0.45178199999999996,-0.11636400000000001,9.925644
Idle,17/9/2020 16:02:26.301,-0.46257,-0.113968,9.913666000000001
Idle,17/9/2020 16:02:26.302,-0.46136499999999997,-0.106781,9.919647
Idle,17/9/2020 16:02:26.302,-0.466156,-0.109177,9.913666000000001
Idle,17/9/2020 16:02:26.302,-0.460175,-0.105591,9.918457
Idle,17/9/2020 16:02:26.302,-0.45417799999999997,-0.110382,9.917252000000001
Idle,17/9/2020 16:02:26.302,-0.437424,-0.112778,9.904099
Idle,17/9/2020 16:02:26.302,-0.46257,-0.113968,9.919647
Idle,17/9/2020 16:02:26.302,-0.45417799999999997,-0.10798599999999998,9.922042999999999
Idle,17/9/2020 16:02:26.302,-0.467346,-0.119965,9.912476
Idle,17/9/2020 16:02:26.302,-0.46376000000000006,-0.113968,9.913666000000001
Idle,17/9/2020 16:02:26.302,-0.45657299999999995,-0.10798599999999998,9.92804
Idle,17/9/2020 16:02:26.302,-0.45896899999999996,-0.119965,9.91127
Idle,17/9/2020 16:02:26.302,-0.449402,-0.11636400000000001,9.923248
Idle,17/9/2020 16:02:26.302,-0.455383,-0.112778,9.919647
Idle,17/9/2020 16:02:26.302,-0.450592,-0.110382,9.912476
Idle,17/9/2020 16:02:26.302,-0.45417799999999997,-0.10798599999999998,9.918457
Idle,17/9/2020 16:02:26.302,-0.46376000000000006,-0.102005,9.91008
Idle,17/9/2020 16:02:26.302,-0.445801,-0.110382,9.922042999999999
Idle,17/9/2020 16:02:26.302,-0.455383,-0.110382,9.912476
Idle,17/9/2020 16:02:29.932,-0.44699099999999997,-0.117569,9.902892999999999
Idle,17/9/2020 16:02:29.932,-0.455383,-0.104401,9.923248
Idle,17/9/2020 16:02:29.932,-0.460175,-0.105591,9.907684
Idle,17/9/2020 16:02:29.932,-0.45896899999999996,-0.102005,9.914871
Idle,17/9/2020 16:02:29.932,-0.45657299999999995,-0.105591,9.916061000000001
Idle,17/9/2020 16:02:29.932,-0.457779,-0.113968,9.920853
Idle,17/9/2020 16:02:29.932,-0.45896899999999996,-0.11875899999999999,9.917252000000001
Idle,17/9/2020 16:02:29.932,-0.45417799999999997,-0.10798599999999998,9.908875
Idle,17/9/2020 16:02:29.932,-0.46136499999999997,-0.10798599999999998,9.91127
Idle,17/9/2020 16:02:29.932,-0.45178199999999996,-0.113968,9.900497
Idle,17/9/2020 16:02:29.932,-0.46257,-0.105591,9.89212
Idle,17/9/2020 16:02:29.932,-0.452988,-0.113968,9.912476
Idle,17/9/2020 16:02:29.932,-0.452988,-0.115173,9.905289
Idle,17/9/2020 16:02:29.932,-0.457779,-0.10919200000000001,9.908875
Idle,17/9/2020 16:02:29.932,-0.45776400000000006,-0.10919200000000001,9.91008
Idle,17/9/2020 16:02:29.932,-0.43861400000000006,-0.113968,9.920853
Idle,17/9/2020 16:02:29.932,-0.460175,-0.100815,9.905289
Idle,17/9/2020 16:02:29.932,-0.455383,-0.10798599999999998,9.91127
Idle,17/9/2020 16:02:29.932,-0.455383,-0.10798599999999998,9.904099
Idle,17/9/2020 16:02:29.932,-0.452988,-0.106796,9.91127
Idle,17/9/2020 16:02:29.932,-0.45896899999999996,-0.112778,9.920853
Idle,17/9/2020 16:02:29.932,-0.46136499999999997,-0.104401,9.917252000000001
Idle,17/9/2020 16:02:29.932,-0.45896899999999996,-0.115173,9.91127
Idle,17/9/2020 16:02:29.932,-0.45417799999999997,-0.109177,9.900497
Idle,17/9/2020 16:02:29.932,-0.457779,-0.111572,9.919661999999999
Idle,17/9/2020 16:02:29.932,-0.445801,-0.096024,9.914871
Idle,17/9/2020 16:02:29.932,-0.448196,-0.104401,9.919661999999999
Idle,17/9/2020 16:02:29.932,-0.457779,-0.097214,9.906479
Idle,17/9/2020 16:02:29.932,-0.455383,-0.10319500000000001,9.91127
Idle,17/9/2020 16:02:29.932,-0.45417799999999997,-0.106796,9.918457
Idle,17/9/2020 16:02:29.932,-0.45417799999999997,-0.11636400000000001,9.919647
Idle,17/9/2020 16:02:29.932,-0.448196,-0.111572,9.914871
Idle,17/9/2020 16:02:29.932,-0.44459499999999996,-0.10798599999999998,9.924438
Idle,17/9/2020 16:02:29.932,-0.45657299999999995,-0.113968,9.920853
Idle,17/9/2020 16:02:29.932,-0.452988,-0.113968,9.900497
Idle,17/9/2020 16:02:29.932,-0.45417799999999997,-0.106796,9.904099
Idle,17/9/2020 16:02:29.933,-0.45417799999999997,-0.10319500000000001,9.934021000000001
Idle,17/9/2020 16:02:29.933,-0.44101,-0.10319500000000001,9.917252000000001
Idle,17/9/2020 16:02:29.933,-0.452988,-0.098419,9.913666000000001
Idle,17/9/2020 16:02:29.933,-0.45657299999999995,-0.105591,9.904099
Idle,17/9/2020 16:02:29.933,-0.450592,-0.106796,9.918457
Idle,17/9/2020 16:02:29.933,-0.45896899999999996,-0.10319500000000001,9.918457
Idle,17/9/2020 16:02:29.933,-0.46376000000000006,-0.105591,9.905289
Idle,17/9/2020 16:02:29.933,-0.452988,-0.106796,9.905289
Idle,17/9/2020 16:02:29.933,-0.45178199999999996,-0.106781,9.912476
Idle,17/9/2020 16:02:29.933,-0.4422,-0.105591,9.91008
Idle,17/9/2020 16:02:29.933,-0.464951,-0.104401,9.919647
Idle,17/9/2020 16:02:29.934,-0.455383,-0.11636400000000001,9.922058
Idle,17/9/2020 16:02:29.934,-0.45178199999999996,-0.097214,9.912476
Idle,17/9/2020 16:02:29.934,-0.449387,-0.112778,9.905289
Idle,17/9/2020 16:02:29.934,-0.470947,-0.109177,9.912476
Idle,17/9/2020 16:02:29.934,-0.455383,-0.109177,9.920853
Idle,17/9/2020 16:02:29.934,-0.44699099999999997,-0.10798599999999998,9.917266999999999
Idle,17/9/2020 16:02:29.934,-0.452988,-0.111572,9.914856
Idle,17/9/2020 16:02:29.934,-0.45178199999999996,-0.10919200000000001,9.917266999999999
Idle,17/9/2020 16:02:29.934,-0.45417799999999997,-0.10798599999999998,9.91127
Idle,17/9/2020 16:02:29.934,-0.46257,-0.104401,9.913666000000001
Idle,17/9/2020 16:02:29.937,-0.455383,-0.104401,9.919647
Idle,17/9/2020 16:02:29.937,-0.449387,-0.12236,9.918457
Idle,17/9/2020 16:02:29.937,-0.455383,-0.105591,9.906494
Idle,17/9/2020 16:02:29.937,-0.466156,-0.10919200000000001,9.919647
Idle,17/9/2020 16:02:29.937,-0.452988,-0.10798599999999998,9.914871
Idle,17/9/2020 16:02:29.937,-0.455383,-0.104401,9.922042999999999
Idle,17/9/2020 16:02:29.937,-0.448196,-0.100815,9.919647
Idle,17/9/2020 16:02:29.937,-0.46136499999999997,-0.10919200000000001,9.919647
Idle,17/9/2020 16:02:29.937,-0.466156,-0.106796,9.922042999999999
Idle,17/9/2020 16:02:29.937,-0.466156,-0.097214,9.914856
Idle,17/9/2020 16:02:29.937,-0.450592,-0.10798599999999998,9.90889
Idle,17/9/2020 16:02:29.937,-0.455383,-0.100815,9.916061000000001
Idle,17/9/2020 16:02:29.937,-0.45657299999999995,-0.106781,9.906479
Idle,17/9/2020 16:02:29.937,-0.457779,-0.106796,9.91127
Idle,17/9/2020 16:02:29.937,-0.457779,-0.105591,9.914856
Idle,17/9/2020 16:02:29.937,-0.45178199999999996,-0.112778,9.906494
Idle,17/9/2020 16:02:29.937,-0.45657299999999995,-0.11636400000000001,9.930435000000001
Idle,17/9/2020 16:02:29.937,-0.45417799999999997,-0.098419,9.913666000000001
Idle,17/9/2020 16:02:29.937,-0.455383,-0.112778,9.899307
Idle,17/9/2020 16:02:29.937,-0.449387,-0.098419,9.91127
Idle,17/9/2020 16:02:29.937,-0.450592,-0.105591,9.91008
Idle,17/9/2020 16:02:29.937,-0.45178199999999996,-0.110382,9.907684
Idle,17/9/2020 16:02:29.937,-0.46376000000000006,-0.098419,9.899307
Idle,17/9/2020 16:02:29.937,-0.448196,-0.105591,9.916061000000001
Idle,17/9/2020 16:02:29.937,-0.449387,-0.11636400000000001,9.90889
Idle,17/9/2020 16:02:29.937,-0.45417799999999997,-0.105591,9.914871
Idle,17/9/2020 16:02:29.937,-0.452988,-0.109177,9.912476
Idle,17/9/2020 16:02:29.937,-0.45417799999999997,-0.097214,9.924438
Idle,17/9/2020 16:02:29.937,-0.449387,-0.104401,9.92923
Idle,17/9/2020 16:02:29.937,-0.455383,-0.115173,9.924438
Idle,17/9/2020 16:02:29.937,-0.460175,-0.102005,9.907684
Idle,17/9/2020 16:02:29.937,-0.44699099999999997,-0.098419,9.91008
Idle,17/9/2020 16:02:29.937,-0.452988,-0.105591,9.919647
Idle,17/9/2020 16:02:33.562,-0.455383,-0.110382,9.91127
Idle,17/9/2020 16:02:33.562,-0.45896899999999996,-0.099609,9.917252000000001
Idle,17/9/2020 16:02:33.562,-0.450592,-0.1008,9.904083
Idle,17/9/2020 16:02:33.562,-0.45657299999999995,-0.106796,9.91127
Idle,17/9/2020 16:02:33.562,-0.457779,-0.10798599999999998,9.905289
Idle,17/9/2020 16:02:33.562,-0.455383,-0.113968,9.902892999999999
Idle,17/9/2020 16:02:33.562,-0.46257,-0.10319500000000001,9.923248
Idle,17/9/2020 16:02:33.562,-0.45657299999999995,-0.113968,9.914856
Idle,17/9/2020 16:02:33.562,-0.452988,-0.11875899999999999,9.917252000000001
Idle,17/9/2020 16:02:33.562,-0.46136499999999997,-0.104401,9.906479
Idle,17/9/2020 16:02:33.562,-0.462555,-0.104401,9.901703
Idle,17/9/2020 16:02:33.562,-0.455383,-0.115173,9.908875
Idle,17/9/2020 16:02:33.562,-0.457779,-0.10319500000000001,9.913666000000001
Idle,17/9/2020 16:02:33.562,-0.45657299999999995,-0.097214,9.917266999999999
Idle,17/9/2020 16:02:33.562,-0.45896899999999996,-0.10798599999999998,9.923248
Idle,17/9/2020 16:02:33.562,-0.45657299999999995,-0.105591,9.937607
Idle,17/9/2020 16:02:33.562,-0.457779,-0.105591,9.908875
Idle,17/9/2020 16:02:33.562,-0.452988,-0.098419,9.895721
Idle,17/9/2020 16:02:33.562,-0.467346,-0.109177,9.914871
Idle,17/9/2020 16:02:33.562,-0.449387,-0.113968,9.901703
Idle,17/9/2020 16:02:33.562,-0.464951,-0.10919200000000001,9.896912
Idle,17/9/2020 16:02:33.562,-0.45896899999999996,-0.10798599999999998,9.920853
Idle,17/9/2020 16:02:33.562,-0.45657299999999995,-0.102005,9.908875
Idle,17/9/2020 16:02:33.562,-0.460175,-0.115173,9.912476
Idle,17/9/2020 16:02:33.563,-0.449387,-0.11875899999999999,9.91127
Idle,17/9/2020 16:02:33.563,-0.468552,-0.10319500000000001,9.913666000000001
Idle,17/9/2020 16:02:33.563,-0.457779,-0.121155,9.91008
Idle,17/9/2020 16:02:33.563,-0.45178199999999996,-0.10319500000000001,9.91127
Idle,17/9/2020 16:02:33.563,-0.452988,-0.111572,9.91127
Idle,17/9/2020 16:02:33.563,-0.449387,-0.117569,9.922042999999999
Idle,17/9/2020 16:02:33.563,-0.460175,-0.097214,9.904083
Idle,17/9/2020 16:02:33.563,-0.450592,-0.098419,9.905289
Idle,17/9/2020 16:02:33.563,-0.445801,-0.097214,9.91008
Idle,17/9/2020 16:02:33.563,-0.457779,-0.111572,9.908875
Idle,17/9/2020 16:02:33.563,-0.45657299999999995,-0.106796,9.91127
Idle,17/9/2020 16:02:33.563,-0.452988,-0.10319500000000001,9.905289
Idle,17/9/2020 16:02:33.563,-0.46257,-0.10319500000000001,9.904083
Idle,17/9/2020 16:02:33.563,-0.46136499999999997,-0.111572,9.906479
Idle,17/9/2020 16:02:33.563,-0.452988,-0.104401,9.90889
Idle,17/9/2020 16:02:33.563,-0.45178199999999996,-0.10319500000000001,9.919661999999999
Idle,17/9/2020 16:02:33.563,-0.450592,-0.121155,9.90889
Idle,17/9/2020 16:02:33.563,-0.455383,-0.10919200000000001,9.917266999999999
Idle,17/9/2020 16:02:33.563,-0.449387,-0.10798599999999998,9.907684
Idle,17/9/2020 16:02:33.563,-0.468552,-0.10321,9.905289
Idle,17/9/2020 16:02:33.563,-0.44101,-0.104401,9.91008
Idle,17/9/2020 16:02:33.563,-0.448196,-0.117569,9.918457
Idle,17/9/2020 16:02:33.563,-0.4422,-0.112778,9.918457
Idle,17/9/2020 16:02:33.564,-0.45417799999999997,-0.105591,9.914856
Idle,17/9/2020 16:02:33.564,-0.457779,-0.105591,9.902892999999999
Idle,17/9/2020 16:02:33.564,-0.449387,-0.10321,9.916061000000001
Idle,17/9/2020 16:02:33.564,-0.449387,-0.112778,9.904099
Idle,17/9/2020 16:02:33.564,-0.45657299999999995,-0.104401,9.922042999999999
Idle,17/9/2020 16:02:33.564,-0.45417799999999997,-0.105591,9.91008
Idle,17/9/2020 16:02:33.564,-0.452988,-0.100815,9.917252000000001
Idle,17/9/2020 16:02:33.564,-0.44221499999999997,-0.10798599999999998,9.907684
Idle,17/9/2020 16:02:33.564,-0.467346,-0.110382,9.91127
Idle,17/9/2020 16:02:33.564,-0.448196,-0.105591,9.914856
Idle,17/9/2020 16:02:33.564,-0.448196,-0.115173,9.902892999999999
Idle,17/9/2020 16:02:33.564,-0.450592,-0.100815,9.918457
Idle,17/9/2020 16:02:33.564,-0.445801,-0.110382,9.902892999999999
Idle,17/9/2020 16:02:33.564,-0.452988,-0.106796,9.914871
Idle,17/9/2020 16:02:33.564,-0.460175,-0.10798599999999998,9.922042999999999
Idle,17/9/2020 16:02:33.564,-0.44699099999999997,-0.113968,9.917252000000001
Idle,17/9/2020 16:02:33.564,-0.450592,-0.10919200000000001,9.906479
Idle,17/9/2020 16:02:33.564,-0.45896899999999996,-0.099609,9.901703
Idle,17/9/2020 16:02:33.564,-0.46136499999999997,-0.113968,9.90889
Idle,17/9/2020 16:02:33.564,-0.457779,-0.102005,9.917252000000001
Idle,17/9/2020 16:02:33.564,-0.452988,-0.112778,9.91127
Idle,17/9/2020 16:02:33.564,-0.45657299999999995,-0.10319500000000001,9.922042999999999
Idle,17/9/2020 16:02:33.564,-0.45896899999999996,-0.104401,9.912476
Idle,17/9/2020 16:02:33.564,-0.457779,-0.104401,9.91127
Idle,17/9/2020 16:02:33.564,-0.455383,-0.100815,9.913666000000001
Idle,17/9/2020 16:02:33.564,-0.45417799999999997,-0.105591,9.918457
Idle,17/9/2020 16:02:33.564,-0.45417799999999997,-0.105591,9.920853
Idle,17/9/2020 16:02:33.564,-0.449387,-0.099609,9.899307
Idle,17/9/2020 16:02:33.564,-0.436234,-0.113968,9.917266999999999
Idle,17/9/2020 16:02:33.564,-0.45417799999999997,-0.099609,9.908875
Idle,17/9/2020 16:02:33.564,-0.46257,-0.110382,9.913666000000001
Idle,17/9/2020 16:02:33.564,-0.45178199999999996,-0.10319500000000001,9.899307
Idle,17/9/2020 16:02:33.564,-0.455383,-0.10798599999999998,9.908875
Idle,17/9/2020 16:02:33.564,-0.44221499999999997,-0.106796,9.924438
Idle,17/9/2020 16:02:33.564,-0.450592,-0.096024,9.918457
Idle,17/9/2020 16:02:33.565,-0.460175,-0.105591,9.91127
Idle,17/9/2020 16:02:33.565,-0.452988,-0.112778,9.917266999999999
Idle,17/9/2020 16:02:33.565,-0.45896899999999996,-0.100815,9.906479
Idle,17/9/2020 16:02:33.565,-0.46376000000000006,-0.115173,9.908875
Idle,17/9/2020 16:02:33.565,-0.45657299999999995,-0.10798599999999998,9.924438
Idle,17/9/2020 16:02:33.565,-0.46136499999999997,-0.112778,9.922042999999999
Idle,17/9/2020 16:02:33.565,-0.452988,-0.104401,9.91008
Idle,17/9/2020 16:02:33.565,-0.45896899999999996,-0.093628,9.924438
Idle,17/9/2020 16:02:37.181,-0.46257,-0.106796,9.908875
Idle,17/9/2020 16:02:37.181,-0.45178199999999996,-0.102005,9.90889
Idle,17/9/2020 16:02:37.181,-0.452988,-0.097214,9.924438
Idle,17/9/2020 16:02:37.181,-0.45896899999999996,-0.097214,9.916061000000001
Idle,17/9/2020 16:02:37.181,-0.466156,-0.10319500000000001,9.904099
Idle,17/9/2020 16:02:37.181,-0.46136499999999997,-0.104401,9.91008
Idle,17/9/2020 16:02:37.181,-0.443405,-0.10319500000000001,9.912476
Idle,17/9/2020 16:02:37.181,-0.460175,-0.106796,9.912476
Idle,17/9/2020 16:02:37.181,-0.457779,-0.1008,9.908875
Idle,17/9/2020 16:02:37.181,-0.448196,-0.110382,9.908875
Idle,17/9/2020 16:02:37.181,-0.448196,-0.115173,9.908875
Idle,17/9/2020 16:02:37.181,-0.45178199999999996,-0.110382,9.914871
Idle,17/9/2020 16:02:37.181,-0.460175,-0.102005,9.900497
Idle,17/9/2020 16:02:37.181,-0.45896899999999996,-0.110382,9.912476
Idle,17/9/2020 16:02:37.181,-0.45896899999999996,-0.113968,9.908875
Idle,17/9/2020 16:02:37.181,-0.448196,-0.11636400000000001,9.916061000000001
Idle,17/9/2020 16:02:37.181,-0.45178199999999996,-0.102005,9.904099
Idle,17/9/2020 16:02:37.181,-0.448196,-0.115173,9.91008
Idle,17/9/2020 16:02:37.181,-0.45417799999999997,-0.100815,9.896912
Idle,17/9/2020 16:02:37.181,-0.457779,-0.10319500000000001,9.922042999999999
Idle,17/9/2020 16:02:37.181,-0.45657299999999995,-0.097214,9.907684
Idle,17/9/2020 16:02:37.181,-0.472137,-0.102005,9.907684
Idle,17/9/2020 16:02:37.181,-0.455383,-0.105591,9.908875
Idle,17/9/2020 16:02:37.181,-0.445801,-0.105591,9.900497
Idle,17/9/2020 16:02:37.181,-0.43263199999999996,-0.10798599999999998,9.908875
Idle,17/9/2020 16:02:37.181,-0.46376000000000006,-0.105591,9.919647
Idle,17/9/2020 16:02:37.181,-0.46376000000000006,-0.094818,9.91008
Idle,17/9/2020 16:02:37.181,-0.448196,-0.102005,9.907684
Idle,17/9/2020 16:02:37.181,-0.452988,-0.1008,9.905289
Idle,17/9/2020 16:02:37.182,-0.45178199999999996,-0.106796,9.898102
Idle,17/9/2020 16:02:37.182,-0.452988,-0.10321,9.917252000000001
Idle,17/9/2020 16:02:37.182,-0.457779,-0.111572,9.918457
Idle,17/9/2020 16:02:37.182,-0.4422,-0.10321,9.899307
Idle,17/9/2020 16:02:37.182,-0.448196,-0.099609,9.906494
Idle,17/9/2020 16:02:37.182,-0.45657299999999995,-0.111572,9.900497
Idle,17/9/2020 16:02:37.182,-0.45417799999999997,-0.106796,9.902892999999999
Idle,17/9/2020 16:02:37.182,-0.455383,-0.096024,9.906494
Idle,17/9/2020 16:02:37.182,-0.449387,-0.105591,9.920853
Idle,17/9/2020 16:02:37.182,-0.46136499999999997,-0.112778,9.902892999999999
Idle,17/9/2020 16:02:37.182,-0.457779,-0.109177,9.904099
Idle,17/9/2020 16:02:37.182,-0.44101,-0.102005,9.896912
Idle,17/9/2020 16:02:37.182,-0.45178199999999996,-0.105591,9.92923
Idle,17/9/2020 16:02:37.182,-0.45896899999999996,-0.111588,9.904099
Idle,17/9/2020 16:02:37.182,-0.449387,-0.10319500000000001,9.914856
Idle,17/9/2020 16:02:37.182,-0.455383,-0.104401,9.90889
Idle,17/9/2020 16:02:37.182,-0.45178199999999996,-0.104401,9.906479
Idle,17/9/2020 16:02:37.182,-0.443405,-0.094818,9.917252000000001
Idle,17/9/2020 16:02:37.182,-0.460175,-0.098419,9.91127
Idle,17/9/2020 16:02:37.182,-0.449387,-0.113968,9.906479
Idle,17/9/2020 16:02:37.182,-0.450592,-0.10321,9.920853
Idle,17/9/2020 16:02:37.182,-0.44101,-0.106796,9.919647
Idle,17/9/2020 16:02:37.182,-0.45657299999999995,-0.104401,9.912460000000001
Idle,17/9/2020 16:02:37.182,-0.46257,-0.102005,9.925644
Idle,17/9/2020 16:02:37.182,-0.460175,-0.10919200000000001,9.899307
Idle,17/9/2020 16:02:37.182,-0.448196,-0.093628,9.914856
Idle,17/9/2020 16:02:37.182,-0.457779,-0.106796,9.907684
Idle,17/9/2020 16:02:37.182,-0.468552,-0.111572,9.916061000000001
Idle,17/9/2020 16:02:37.182,-0.466156,-0.105591,9.916061000000001
Idle,17/9/2020 16:02:37.182,-0.443405,-0.10319500000000001,9.901703
Idle,17/9/2020 16:02:37.182,-0.46136499999999997,-0.102005,9.901703
Idle,17/9/2020 16:02:37.182,-0.45417799999999997,-0.109177,9.91127
Idle,17/9/2020 16:02:37.182,-0.45417799999999997,-0.105591,9.916061000000001
Idle,17/9/2020 16:02:37.182,-0.449387,-0.10321,9.916061000000001
Idle,17/9/2020 16:02:37.182,-0.452988,-0.105591,9.916061000000001
Idle,17/9/2020 16:02:37.182,-0.452988,-0.088837,9.919647
Idle,17/9/2020 16:02:37.182,-0.452988,-0.10798599999999998,9.924438
Idle,17/9/2020 16:02:37.182,-0.448196,-0.10319500000000001,9.917266999999999
Idle,17/9/2020 16:02:37.182,-0.45178199999999996,-0.099609,9.913666000000001
Idle,17/9/2020 16:02:37.182,-0.45896899999999996,-0.099609,9.906494
Idle,17/9/2020 16:02:37.182,-0.45417799999999997,-0.104401,9.914871
Idle,17/9/2020 16:02:37.182,-0.468552,-0.110382,9.907684
Idle,17/9/2020 16:02:37.182,-0.45417799999999997,-0.098419,9.916061000000001
Idle,17/9/2020 16:02:37.182,-0.46136499999999997,-0.105591,9.914871
Idle,17/9/2020 16:02:37.182,-0.452988,-0.110382,9.904099
Idle,17/9/2020 16:02:37.182,-0.46376000000000006,-0.09600800000000001,9.916061000000001
Idle,17/9/2020 16:02:37.182,-0.449387,-0.109177,9.920853
Idle,17/9/2020 16:02:37.182,-0.46376000000000006,-0.105591,9.917252000000001
Idle,17/9/2020 16:02:37.182,-0.460175,-0.092422,9.902892999999999
Idle,17/9/2020 16:02:37.182,-0.45896899999999996,-0.096024,9.907684
Idle,17/9/2020 16:02:37.182,-0.449387,-0.113968,9.917252000000001
Idle,17/9/2020 16:02:37.182,-0.462555,-0.104401,9.906479
Idle,17/9/2020 16:02:37.182,-0.45896899999999996,-0.115173,9.91008
Idle,17/9/2020 16:02:37.182,-0.45178199999999996,-0.102005,9.913666000000001
Idle,17/9/2020 16:02:37.182,-0.469742,-0.104401,9.916061000000001
Idle,17/9/2020 16:02:37.182,-0.455383,-0.10798599999999998,9.914871
Idle,17/9/2020 16:02:37.182,-0.448196,-0.11875899999999999,9.902892999999999
Idle,17/9/2020 16:02:37.182,-0.45178199999999996,-0.104401,9.907684
Idle,17/9/2020 16:02:37.182,-0.45417799999999997,-0.098419,9.91008
Idle,17/9/2020 16:02:37.182,-0.45178199999999996,-0.097214,9.916061000000001
Idle,17/9/2020 16:02:37.182,-0.448196,-0.10919200000000001,9.912476
Idle,17/9/2020 16:02:40.806,-0.452988,-0.098419,9.906479
Idle,17/9/2020 16:02:40.806,-0.45657299999999995,-0.110382,9.907684
Idle,17/9/2020 16:02:40.806,-0.460175,-0.10919200000000001,9.922042999999999
Idle,17/9/2020 16:02:40.806,-0.452988,-0.099609,9.914871
Idle,17/9/2020 16:02:40.806,-0.45178199999999996,-0.102005,9.906494
Idle,17/9/2020 16:02:40.806,-0.455383,-0.100815,9.916061000000001
Idle,17/9/2020 16:02:40.806,-0.445801,-0.10798599999999998,9.90889
Idle,17/9/2020 16:02:40.806,-0.45417799999999997,-0.100815,9.922042999999999
Idle,17/9/2020 16:02:40.806,-0.447006,-0.099609,9.916061000000001
Idle,17/9/2020 16:02:40.806,-0.46376000000000006,-0.102005,9.900497
Idle,17/9/2020 16:02:40.806,-0.45417799999999997,-0.10798599999999998,9.919661999999999
Idle,17/9/2020 16:02:40.806,-0.46257,-0.10919200000000001,9.900497
Idle,17/9/2020 16:02:40.806,-0.4422,-0.105591,9.92923
Idle,17/9/2020 16:02:40.806,-0.455383,-0.109177,9.907684
Idle,17/9/2020 16:02:40.806,-0.46376000000000006,-0.094818,9.919661999999999
Idle,17/9/2020 16:02:40.806,-0.45178199999999996,-0.104401,9.91008
Idle,17/9/2020 16:02:40.806,-0.45657299999999995,-0.090027,9.907684
Idle,17/9/2020 16:02:40.806,-0.443405,-0.10919200000000001,9.905289
Idle,17/9/2020 16:02:40.806,-0.452988,-0.098419,9.91127
Idle,17/9/2020 16:02:40.806,-0.447006,-0.099609,9.920853
Idle,17/9/2020 16:02:40.806,-0.44699099999999997,-0.106781,9.913666000000001
Idle,17/9/2020 16:02:40.806,-0.450592,-0.111572,9.906494
Idle,17/9/2020 16:02:40.806,-0.449387,-0.100815,9.902892999999999
Idle,17/9/2020 16:02:40.806,-0.45417799999999997,-0.10798599999999998,9.91008
Idle,17/9/2020 16:02:40.806,-0.455383,-0.106796,9.919647
Idle,17/9/2020 16:02:40.806,-0.448196,-0.104401,9.918457
Idle,17/9/2020 16:02:40.806,-0.452988,-0.099609,9.91127
Idle,17/9/2020 16:02:40.806,-0.455383,-0.096024,9.919647
Idle,17/9/2020 16:02:40.806,-0.450592,-0.10919200000000001,9.913666000000001
Idle,17/9/2020 16:02:40.806,-0.457779,-0.102005,9.916061000000001
Idle,17/9/2020 16:02:40.806,-0.45896899999999996,-0.104401,9.913666000000001
Idle,17/9/2020 16:02:40.806,-0.452988,-0.093628,9.913666000000001
Idle,17/9/2020 16:02:40.806,-0.464966,-0.093628,9.907684
Idle,17/9/2020 16:02:40.806,-0.46136499999999997,-0.112778,9.916061000000001
Idle,17/9/2020 16:02:40.806,-0.45657299999999995,-0.102005,9.902892999999999
Idle,17/9/2020 16:02:40.806,-0.449387,-0.097214,9.913666000000001
Idle,17/9/2020 16:02:40.807,-0.45417799999999997,-0.096024,9.902892999999999
Idle,17/9/2020 16:02:40.807,-0.457779,-0.106796,9.905289
Idle,17/9/2020 16:02:40.807,-0.455383,-0.102005,9.920853
Idle,17/9/2020 16:02:40.807,-0.46136499999999997,-0.104401,9.91127
Idle,17/9/2020 16:02:40.807,-0.450592,-0.100815,9.906494
Idle,17/9/2020 16:02:40.807,-0.457779,-0.1008,9.907684
Idle,17/9/2020 16:02:40.807,-0.451797,-0.097214,9.91127
Idle,17/9/2020 16:02:40.807,-0.46136499999999997,-0.10319500000000001,9.907684
Idle,17/9/2020 16:02:40.807,-0.455383,-0.105591,9.91127
Idle,17/9/2020 16:02:40.807,-0.460175,-0.08404500000000001,9.919647
Idle,17/9/2020 16:02:40.807,-0.44699099999999997,-0.10321,9.90889
Idle,17/9/2020 16:02:40.807,-0.45417799999999997,-0.09123200000000001,9.902892999999999
Idle,17/9/2020 16:02:40.807,-0.467346,-0.099609,9.919647
Idle,17/9/2020 16:02:40.807,-0.455383,-0.102005,9.918457
Idle,17/9/2020 16:02:40.807,-0.448196,-0.10798599999999998,9.914871
Idle,17/9/2020 16:02:40.807,-0.45657299999999995,-0.097214,9.907684
Idle,17/9/2020 16:02:40.807,-0.450592,-0.105591,9.906479
Idle,17/9/2020 16:02:40.807,-0.45776400000000006,-0.106796,9.913666000000001
Idle,17/9/2020 16:02:40.807,-0.449387,-0.10919200000000001,9.900497
Idle,17/9/2020 16:02:40.807,-0.450592,-0.10798599999999998,9.907684
Idle,17/9/2020 16:02:40.807,-0.448196,-0.096024,9.898102
Idle,17/9/2020 16:02:40.807,-0.464951,-0.098419,9.916061000000001
Idle,17/9/2020 16:02:40.808,-0.474533,-0.094818,9.905289
Idle,17/9/2020 16:02:40.808,-0.445801,-0.099609,9.916061000000001
Idle,17/9/2020 16:02:40.808,-0.45657299999999995,-0.096024,9.907684
Idle,17/9/2020 16:02:40.808,-0.457779,-0.10919200000000001,9.899307
Idle,17/9/2020 16:02:40.808,-0.457779,-0.102005,9.900497
Idle,17/9/2020 16:02:40.808,-0.469742,-0.1008,9.896912
Idle,17/9/2020 16:02:40.808,-0.450592,-0.110382,9.899307
Idle,17/9/2020 16:02:40.808,-0.44221499999999997,-0.094818,9.902892999999999
Idle,17/9/2020 16:02:40.808,-0.457779,-0.096024,9.906494
Idle,17/9/2020 16:02:40.808,-0.444611,-0.104401,9.904099
Idle,17/9/2020 16:02:40.808,-0.45417799999999997,-0.102005,9.912476
Idle,17/9/2020 16:02:40.808,-0.45657299999999995,-0.098419,9.917266999999999
Idle,17/9/2020 16:02:40.808,-0.449402,-0.094818,9.912476
Idle,17/9/2020 16:02:40.808,-0.448196,-0.096024,9.91127
Idle,17/9/2020 16:02:40.808,-0.45896899999999996,-0.10319500000000001,9.896912
Idle,17/9/2020 16:02:40.808,-0.462555,-0.106796,9.908875
Idle,17/9/2020 16:02:40.808,-0.45657299999999995,-0.09123200000000001,9.91127
Idle,17/9/2020 16:02:40.808,-0.448196,-0.10319500000000001,9.916061000000001
Idle,17/9/2020 16:02:40.808,-0.452988,-0.099609,9.898102
Idle,17/9/2020 16:02:40.808,-0.448196,-0.109177,9.904099
Idle,17/9/2020 16:02:40.808,-0.452988,-0.106781,9.908875
Idle,17/9/2020 16:02:40.808,-0.45896899999999996,-0.097214,9.905289
Idle,17/9/2020 16:02:40.808,-0.445801,-0.111572,9.91127
Idle,17/9/2020 16:02:40.808,-0.45776400000000006,-0.098419,9.925644
Idle,17/9/2020 16:02:40.808,-0.448196,-0.096024,9.913666000000001
Idle,17/9/2020 16:02:40.808,-0.45417799999999997,-0.11398299999999999,9.906479
Idle,17/9/2020 16:02:40.808,-0.457779,-0.097214,9.907684
Idle,17/9/2020 16:02:40.808,-0.46136499999999997,-0.102005,9.905289
Idle,17/9/2020 16:02:40.808,-0.450592,-0.102005,9.895706
Idle,17/9/2020 16:02:40.808,-0.45657299999999995,-0.106781,9.91008
Idle,17/9/2020 16:02:40.808,-0.46257,-0.105591,9.908875
Idle,17/9/2020 16:02:40.808,-0.449387,-0.10319500000000001,9.914871
Idle,17/9/2020 16:02:44.429,-0.460175,-0.10319500000000001,9.91127
Idle,17/9/2020 16:02:44.43,-0.45896899999999996,-0.104401,9.901703
Idle,17/9/2020 16:02:44.43,-0.443405,-0.094818,9.900497
Idle,17/9/2020 16:02:44.43,-0.46257,-0.096024,9.913666000000001
Idle,17/9/2020 16:02:44.43,-0.460175,-0.10919200000000001,9.908875
Idle,17/9/2020 16:02:44.43,-0.452988,-0.105591,9.900497
Idle,17/9/2020 16:02:44.43,-0.45657299999999995,-0.102005,9.91127
Idle,17/9/2020 16:02:44.43,-0.455383,-0.098419,9.914871
Idle,17/9/2020 16:02:44.43,-0.457779,-0.097214,9.907684
Idle,17/9/2020 16:02:44.43,-0.444611,-0.104401,9.914856
Idle,17/9/2020 16:02:44.43,-0.450592,-0.100815,9.91008
Idle,17/9/2020 16:02:44.43,-0.444611,-0.090027,9.907684
Idle,17/9/2020 16:02:44.43,-0.462555,-0.099609,9.907684
Idle,17/9/2020 16:02:44.43,-0.45417799999999997,-0.102005,9.907684
Idle,17/9/2020 16:02:44.43,-0.45657299999999995,-0.099609,9.895706
Idle,17/9/2020 16:02:44.43,-0.457779,-0.099609,9.912476
Idle,17/9/2020 16:02:44.43,-0.457779,-0.087631,9.908875
Idle,17/9/2020 16:02:44.43,-0.443405,-0.104401,9.899307
Idle,17/9/2020 16:02:44.43,-0.44101,-0.112778,9.894516000000001
Idle,17/9/2020 16:02:44.43,-0.457779,-0.104401,9.89093
Idle,17/9/2020 16:02:44.43,-0.447006,-0.094818,9.906494
Idle,17/9/2020 16:02:44.43,-0.45178199999999996,-0.099609,9.901703
Idle,17/9/2020 16:02:44.43,-0.457779,-0.100815,9.902892999999999
Idle,17/9/2020 16:02:44.43,-0.460175,-0.104401,9.898102
Idle,17/9/2020 16:02:44.43,-0.448196,-0.1008,9.917252000000001
Idle,17/9/2020 16:02:44.43,-0.452988,-0.092422,9.907684
Idle,17/9/2020 16:02:44.43,-0.46376000000000006,-0.105591,9.908875
Idle,17/9/2020 16:02:44.43,-0.452988,-0.096024,9.917252000000001
Idle,17/9/2020 16:02:44.43,-0.4422,-0.099609,9.902892999999999
Idle,17/9/2020 16:02:44.43,-0.44699099999999997,-0.111572,9.914856
Idle,17/9/2020 16:02:44.43,-0.438629,-0.100815,9.908875
Idle,17/9/2020 16:02:44.43,-0.457779,-0.119965,9.905289
Idle,17/9/2020 16:02:44.43,-0.44699099999999997,-0.104401,9.907684
Idle,17/9/2020 16:02:44.43,-0.455383,-0.100815,9.901703
Idle,17/9/2020 16:02:44.43,-0.450592,-0.09123200000000001,9.912476
Idle,17/9/2020 16:02:44.43,-0.469742,-0.099609,9.899307
Idle,17/9/2020 16:02:44.43,-0.455383,-0.111572,9.901703
Idle,17/9/2020 16:02:44.43,-0.45417799999999997,-0.104401,9.902892999999999
Idle,17/9/2020 16:02:44.43,-0.464951,-0.093628,9.904099
Idle,17/9/2020 16:02:44.43,-0.466156,-0.111572,9.906479
Idle,17/9/2020 16:02:44.43,-0.452988,-0.106796,9.912476
Idle,17/9/2020 16:02:44.43,-0.455383,-0.097214,9.91008
Idle,17/9/2020 16:02:44.43,-0.43502799999999997,-0.104401,9.902892999999999
Idle,17/9/2020 16:02:44.43,-0.46257,-0.088837,9.907684
Idle,17/9/2020 16:02:44.43,-0.46257,-0.10798599999999998,9.907684
Idle,17/9/2020 16:02:44.43,-0.443405,-0.092422,9.901703
Idle,17/9/2020 16:02:44.43,-0.450592,-0.099609,9.913666000000001
Idle,17/9/2020 16:02:44.43,-0.466156,-0.099609,9.917252000000001
Idle,17/9/2020 16:02:44.43,-0.455383,-0.1008,9.908875
Idle,17/9/2020 16:02:44.43,-0.449387,-0.099609,9.898102
Idle,17/9/2020 16:02:44.43,-0.460175,-0.096024,9.914871
Idle,17/9/2020 16:02:44.43,-0.45657299999999995,-0.104401,9.914856
Idle,17/9/2020 16:02:44.43,-0.45657299999999995,-0.109177,9.91008
Idle,17/9/2020 16:02:44.43,-0.44699099999999997,-0.099609,9.906479
Idle,17/9/2020 16:02:44.43,-0.448196,-0.096024,9.91127
Idle,17/9/2020 16:02:44.43,-0.449387,-0.1008,9.91008
Idle,17/9/2020 16:02:44.43,-0.455383,-0.102005,9.91127
Idle,17/9/2020 16:02:44.43,-0.45417799999999997,-0.104401,9.899307
Idle,17/9/2020 16:02:44.43,-0.466156,-0.100815,9.905289
Idle,17/9/2020 16:02:44.43,-0.45657299999999995,-0.09123200000000001,9.91008
Idle,17/9/2020 16:02:44.43,-0.452988,-0.099609,9.91008
Idle,17/9/2020 16:02:44.43,-0.460175,-0.10321,9.913666000000001
Idle,17/9/2020 16:02:44.43,-0.450592,-0.10319500000000001,9.902892999999999
Idle,17/9/2020 16:02:44.43,-0.457779,-0.097214,9.908875
Idle,17/9/2020 16:02:44.43,-0.447006,-0.097214,9.91127
Idle,17/9/2020 16:02:44.43,-0.455383,-0.100815,9.906494
Idle,17/9/2020 16:02:44.43,-0.46136499999999997,-0.094818,9.908875
Idle,17/9/2020 16:02:44.43,-0.44101,-0.094818,9.907684
Idle,17/9/2020 16:02:44.43,-0.45896899999999996,-0.099609,9.908875
Idle,17/9/2020 16:02:44.43,-0.448196,-0.096024,9.906479
Idle,17/9/2020 16:02:44.43,-0.460175,-0.105591,9.90889
Idle,17/9/2020 16:02:44.43,-0.45657299999999995,-0.104401,9.902892999999999
Idle,17/9/2020 16:02:44.43,-0.46136499999999997,-0.106781,9.916061000000001
Idle,17/9/2020 16:02:44.43,-0.45417799999999997,-0.102005,9.913666000000001
Idle,17/9/2020 16:02:44.43,-0.450592,-0.106796,9.896912
Idle,17/9/2020 16:02:44.43,-0.450592,-0.099609,9.898102
Idle,17/9/2020 16:02:44.43,-0.45178199999999996,-0.098419,9.914856
Idle,17/9/2020 16:02:44.43,-0.448196,-0.092422,9.890915
Idle,17/9/2020 16:02:44.43,-0.44221499999999997,-0.09600800000000001,9.908875
Idle,17/9/2020 16:02:44.431,-0.447006,-0.117569,9.896912
Idle,17/9/2020 16:02:44.431,-0.452988,-0.102005,9.923248
Idle,17/9/2020 16:02:44.431,-0.450592,-0.104401,9.906479
Idle,17/9/2020 16:02:44.431,-0.457779,-0.09123200000000001,9.912476
Idle,17/9/2020 16:02:44.431,-0.45417799999999997,-0.100815,9.906494
Idle,17/9/2020 16:02:44.431,-0.455383,-0.104401,9.918457
Idle,17/9/2020 16:02:44.431,-0.46376000000000006,-0.096024,9.91127
Idle,17/9/2020 16:02:44.431,-0.448196,-0.10798599999999998,9.899307
Idle,17/9/2020 16:02:44.431,-0.44221499999999997,-0.099609,9.902892999999999
Idle,17/9/2020 16:02:44.431,-0.455383,-0.102005,9.907684
Idle,17/9/2020 16:02:44.431,-0.45178199999999996,-0.110382,9.916061000000001
Idle,17/9/2020 16:02:48.056,-0.455383,-0.090027,9.908875
Idle,17/9/2020 16:02:48.056,-0.452988,-0.087631,9.907684
Idle,17/9/2020 16:02:48.056,-0.44459499999999996,-0.10919200000000001,9.89212
Idle,17/9/2020 16:02:48.056,-0.448196,-0.112778,9.89212
Idle,17/9/2020 16:02:48.056,-0.45657299999999995,-0.090027,9.902892999999999
Idle,17/9/2020 16:02:48.056,-0.448196,-0.117569,9.919647
Idle,17/9/2020 16:02:48.056,-0.4422,-0.096024,9.91008
Idle,17/9/2020 16:02:48.056,-0.445801,-0.094818,9.912476
Idle,17/9/2020 16:02:48.056,-0.45417799999999997,-0.11875899999999999,9.902892999999999
Idle,17/9/2020 16:02:48.056,-0.444611,-0.099609,9.919661999999999
Idle,17/9/2020 16:02:48.056,-0.449387,-0.099609,9.906494
Idle,17/9/2020 16:02:48.056,-0.45178199999999996,-0.106796,9.91127
Idle,17/9/2020 16:02:48.056,-0.45178199999999996,-0.09840399999999999,9.905289
Idle,17/9/2020 16:02:48.056,-0.460175,-0.093613,9.898102
Idle,17/9/2020 16:02:48.056,-0.46136499999999997,-0.104401,9.901703
Idle,17/9/2020 16:02:48.056,-0.45657299999999995,-0.085251,9.919647
Idle,17/9/2020 16:02:48.056,-0.44459499999999996,-0.1008,9.913666000000001
Idle,17/9/2020 16:02:48.056,-0.457779,-0.10319500000000001,9.90889
Idle,17/9/2020 16:02:48.056,-0.46136499999999997,-0.093628,9.91127
Idle,17/9/2020 16:02:48.056,-0.449402,-0.097214,9.923248
Idle,17/9/2020 16:02:48.056,-0.437424,-0.104401,9.91008
Idle,17/9/2020 16:02:48.056,-0.443405,-0.10321,9.900497
Idle,17/9/2020 16:02:48.056,-0.46376000000000006,-0.099609,9.906494
Idle,17/9/2020 16:02:48.056,-0.452988,-0.109177,9.912476
Idle,17/9/2020 16:02:48.056,-0.443405,-0.092422,9.907684
Idle,17/9/2020 16:02:48.056,-0.457779,-0.10319500000000001,9.916061000000001
Idle,17/9/2020 16:02:48.056,-0.45657299999999995,-0.09123200000000001,9.912476
Idle,17/9/2020 16:02:48.056,-0.45417799999999997,-0.102005,9.90889
Idle,17/9/2020 16:02:48.056,-0.449387,-0.117569,9.914856
Idle,17/9/2020 16:02:48.056,-0.449387,-0.099609,9.905289
Idle,17/9/2020 16:02:48.056,-0.45896899999999996,-0.097214,9.91127
Idle,17/9/2020 16:02:48.056,-0.455383,-0.106796,9.908875
Idle,17/9/2020 16:02:48.057,-0.443405,-0.1008,9.901703
Idle,17/9/2020 16:02:48.057,-0.457779,-0.105591,9.914871
Idle,17/9/2020 16:02:48.057,-0.450592,-0.115173,9.904099
Idle,17/9/2020 16:02:48.057,-0.45657299999999995,-0.10798599999999998,9.904083
Idle,17/9/2020 16:02:48.057,-0.457779,-0.10319500000000001,9.93042
Idle,17/9/2020 16:02:48.057,-0.455383,-0.112778,9.906479
Idle,17/9/2020 16:02:48.057,-0.445801,-0.10321,9.907684
Idle,17/9/2020 16:02:48.057,-0.45657299999999995,-0.10798599999999998,9.91127
Idle,17/9/2020 16:02:48.057,-0.44699099999999997,-0.105591,9.901688
Idle,17/9/2020 16:02:48.057,-0.45657299999999995,-0.097214,9.91008
Idle,17/9/2020 16:02:48.057,-0.44101,-0.104401,9.91008
Idle,17/9/2020 16:02:48.057,-0.467346,-0.099609,9.907684
Idle,17/9/2020 16:02:48.057,-0.448196,-0.088837,9.918457
Idle,17/9/2020 16:02:48.057,-0.44221499999999997,-0.109177,9.91008
Idle,17/9/2020 16:02:48.057,-0.45178199999999996,-0.10319500000000001,9.900497
Idle,17/9/2020 16:02:48.057,-0.47093199999999996,-0.10798599999999998,9.900497
Idle,17/9/2020 16:02:48.057,-0.466156,-0.099609,9.918457
Idle,17/9/2020 16:02:48.057,-0.448196,-0.10319500000000001,9.896912
Idle,17/9/2020 16:02:48.057,-0.450592,-0.092422,9.918457
Idle,17/9/2020 16:02:48.057,-0.447006,-0.10319500000000001,9.894516000000001
Idle,17/9/2020 16:02:48.057,-0.452988,-0.110382,9.912476
Idle,17/9/2020 16:02:48.057,-0.45178199999999996,-0.092422,9.901703
Idle,17/9/2020 16:02:48.057,-0.445801,-0.09840399999999999,9.904099
Idle,17/9/2020 16:02:48.057,-0.44221499999999997,-0.100815,9.907684
Idle,17/9/2020 16:02:48.057,-0.45417799999999997,-0.09840399999999999,9.896912
Idle,17/9/2020 16:02:48.057,-0.44699099999999997,-0.111572,9.913666000000001
Idle,17/9/2020 16:02:48.057,-0.455383,-0.093628,9.895706
Idle,17/9/2020 16:02:48.057,-0.449387,-0.110382,9.907684
Idle,17/9/2020 16:02:48.057,-0.45178199999999996,-0.096024,9.912460000000001
Idle,17/9/2020 16:02:48.057,-0.460175,-0.099609,9.914856
Idle,17/9/2020 16:02:48.057,-0.455383,-0.1008,9.912460000000001
Idle,17/9/2020 16:02:48.057,-0.450592,-0.096024,9.905289
Idle,17/9/2020 16:02:48.057,-0.449387,-0.1008,9.905289
Idle,17/9/2020 16:02:48.057,-0.457779,-0.105591,9.918457
Idle,17/9/2020 16:02:48.057,-0.46376000000000006,-0.08644099999999999,9.91008
Idle,17/9/2020 16:02:48.057,-0.45417799999999997,-0.10798599999999998,9.906479
Idle,17/9/2020 16:02:48.057,-0.443405,-0.099609,9.904099
Idle,17/9/2020 16:02:48.057,-0.460175,-0.097214,9.914856
Idle,17/9/2020 16:02:48.057,-0.46136499999999997,-0.111572,9.91008
Idle,17/9/2020 16:02:48.057,-0.46015900000000004,-0.104401,9.91127
Idle,17/9/2020 16:02:48.057,-0.45178199999999996,-0.10321,9.912476
Idle,17/9/2020 16:02:48.057,-0.452988,-0.093628,9.914871
Idle,17/9/2020 16:02:48.057,-0.455383,-0.102005,9.913666000000001
Idle,17/9/2020 16:02:48.057,-0.449387,-0.110382,9.91127
Idle,17/9/2020 16:02:48.057,-0.455383,-0.106796,9.905289
Idle,17/9/2020 16:02:48.057,-0.449387,-0.10319500000000001,9.906494
Idle,17/9/2020 16:02:48.057,-0.45776400000000006,-0.096024,9.904083
Idle,17/9/2020 16:02:48.057,-0.466156,-0.102005,9.918457
Idle,17/9/2020 16:02:48.057,-0.450592,-0.100815,9.912476
Idle,17/9/2020 16:02:48.057,-0.444611,-0.100815,9.91008
Idle,17/9/2020 16:02:48.057,-0.444611,-0.109177,9.91008
Idle,17/9/2020 16:02:48.057,-0.47093199999999996,-0.104401,9.913666000000001
Idle,17/9/2020 16:02:48.057,-0.45657299999999995,-0.104401,9.906494
Idle,17/9/2020 16:02:48.057,-0.448196,-0.102005,9.907684
Idle,17/9/2020 16:02:48.057,-0.45417799999999997,-0.10319500000000001,9.91008
Idle,17/9/2020 16:02:48.057,-0.46136499999999997,-0.10321,9.916061000000001
Idle,17/9/2020 16:02:48.057,-0.457779,-0.109177,9.901703
Idle,17/9/2020 16:02:48.057,-0.448196,-0.099609,9.906479
Idle,17/9/2020 16:02:51.682,-0.46136499999999997,-0.098419,9.912476
Idle,17/9/2020 16:02:51.682,-0.45657299999999995,-0.090027,9.907684
Idle,17/9/2020 16:02:51.682,-0.46257,-0.10321,9.912476
Idle,17/9/2020 16:02:51.682,-0.460175,-0.112778,9.918457
Idle,17/9/2020 16:02:51.682,-0.46136499999999997,-0.096024,9.912476
Idle,17/9/2020 16:02:51.682,-0.455383,-0.096024,9.899307
Idle,17/9/2020 16:02:51.682,-0.46257,-0.08165,9.902892999999999
Idle,17/9/2020 16:02:51.682,-0.457779,-0.104401,9.905289
Idle,17/9/2020 16:02:51.682,-0.450592,-0.09840399999999999,9.908875
Idle,17/9/2020 16:02:51.682,-0.45657299999999995,-0.10798599999999998,9.924438
Idle,17/9/2020 16:02:51.682,-0.450592,-0.102005,9.923248
Idle,17/9/2020 16:02:51.682,-0.444611,-0.105591,9.916061000000001
Idle,17/9/2020 16:02:51.682,-0.455383,-0.106796,9.916061000000001
Idle,17/9/2020 16:02:51.682,-0.450592,-0.109177,9.916061000000001
Idle,17/9/2020 16:02:51.682,-0.457779,-0.106796,9.901703
Idle,17/9/2020 16:02:51.682,-0.448196,-0.102005,9.904099
Idle,17/9/2020 16:02:51.682,-0.44459499999999996,-0.104401,9.913666000000001
Idle,17/9/2020 16:02:51.682,-0.467346,-0.1008,9.91008
Idle,17/9/2020 16:02:51.682,-0.45896899999999996,-0.105591,9.912476
Idle,17/9/2020 16:02:51.682,-0.450592,-0.099609,9.916061000000001
Idle,17/9/2020 16:02:51.682,-0.448196,-0.10321,9.906494
Idle,17/9/2020 16:02:51.682,-0.455383,-0.094818,9.913666000000001
Idle,17/9/2020 16:02:51.682,-0.455383,-0.104401,9.90889
Idle,17/9/2020 16:02:51.682,-0.450592,-0.093628,9.91008
Idle,17/9/2020 16:02:51.682,-0.452988,-0.100815,9.905289
Idle,17/9/2020 16:02:51.682,-0.443405,-0.102005,9.905289
Idle,17/9/2020 16:02:51.682,-0.449387,-0.099609,9.900497
Idle,17/9/2020 16:02:51.682,-0.46376000000000006,-0.106796,9.91008
Idle,17/9/2020 16:02:51.682,-0.455383,-0.10319500000000001,9.907684
Idle,17/9/2020 16:02:51.682,-0.450592,-0.109177,9.907684
Idle,17/9/2020 16:02:51.682,-0.45417799999999997,-0.102005,9.918457
Idle,17/9/2020 16:02:51.682,-0.452988,-0.090027,9.914856
Idle,17/9/2020 16:02:51.682,-0.449387,-0.111588,9.896912
Idle,17/9/2020 16:02:51.682,-0.448196,-0.09840399999999999,9.912476
Idle,17/9/2020 16:02:51.682,-0.44221499999999997,-0.1008,9.908875
Idle,17/9/2020 16:02:51.682,-0.455383,-0.10319500000000001,9.914871
Idle,17/9/2020 16:02:51.682,-0.45178199999999996,-0.097214,9.913666000000001
Idle,17/9/2020 16:02:51.682,-0.462555,-0.104401,9.907684
Idle,17/9/2020 16:02:51.682,-0.452988,-0.10919200000000001,9.904099
Idle,17/9/2020 16:02:51.682,-0.455383,-0.106781,9.901703
Idle,17/9/2020 16:02:51.682,-0.449387,-0.105591,9.924438
Idle,17/9/2020 16:02:51.682,-0.450592,-0.097214,9.912476
Idle,17/9/2020 16:02:51.682,-0.450592,-0.098419,9.918457
Idle,17/9/2020 16:02:51.682,-0.44699099999999997,-0.105591,9.908875
Idle,17/9/2020 16:02:51.682,-0.45657299999999995,-0.105591,9.916061000000001
Idle,17/9/2020 16:02:51.682,-0.455383,-0.094818,9.90889
Idle,17/9/2020 16:02:51.682,-0.457779,-0.096024,9.900497
Idle,17/9/2020 16:02:51.682,-0.452988,-0.10321,9.917266999999999
Idle,17/9/2020 16:02:51.682,-0.450592,-0.10319500000000001,9.908875
Idle,17/9/2020 16:02:51.682,-0.46136499999999997,-0.096024,9.913666000000001
Idle,17/9/2020 16:02:51.682,-0.444611,-0.1008,9.906479
Idle,17/9/2020 16:02:51.682,-0.450592,-0.099609,9.905289
Idle,17/9/2020 16:02:51.682,-0.45657299999999995,-0.10798599999999998,9.906494
Idle,17/9/2020 16:02:51.682,-0.448196,-0.099609,9.906479
Idle,17/9/2020 16:02:51.682,-0.45896899999999996,-0.097214,9.905289
Idle,17/9/2020 16:02:51.682,-0.452988,-0.102005,9.918457
Idle,17/9/2020 16:02:51.682,-0.449387,-0.104401,9.912476
Idle,17/9/2020 16:02:51.682,-0.457779,-0.105591,9.920853
Idle,17/9/2020 16:02:51.682,-0.45657299999999995,-0.094818,9.913666000000001
Idle,17/9/2020 16:02:51.682,-0.45417799999999997,-0.09600800000000001,9.918457
Idle,17/9/2020 16:02:51.682,-0.448196,-0.093628,9.904099
Idle,17/9/2020 16:02:51.682,-0.455383,-0.10321,9.906479
Idle,17/9/2020 16:02:51.682,-0.45178199999999996,-0.096024,9.913666000000001
Idle,17/9/2020 16:02:51.682,-0.45178199999999996,-0.104401,9.923248
Idle,17/9/2020 16:02:51.682,-0.443405,-0.10919200000000001,9.898102
Idle,17/9/2020 16:02:51.682,-0.45417799999999997,-0.090027,9.913666000000001
Idle,17/9/2020 16:02:51.682,-0.46257,-0.102005,9.912476
Idle,17/9/2020 16:02:51.682,-0.448196,-0.097214,9.916061000000001
Idle,17/9/2020 16:02:51.682,-0.444611,-0.10919200000000001,9.907684
Idle,17/9/2020 16:02:51.682,-0.45657299999999995,-0.102005,9.926834
Idle,17/9/2020 16:02:51.682,-0.45178199999999996,-0.110382,9.91008
Idle,17/9/2020 16:02:51.682,-0.46136499999999997,-0.098419,9.920853
Idle,17/9/2020 16:02:51.682,-0.452988,-0.104401,9.907684
Idle,17/9/2020 16:02:51.682,-0.45657299999999995,-0.110382,9.91127
Idle,17/9/2020 16:02:51.682,-0.450592,-0.096024,9.914856
Idle,17/9/2020 16:02:51.682,-0.449387,-0.099609,9.918457
Idle,17/9/2020 16:02:51.682,-0.45417799999999997,-0.093628,9.901703
Idle,17/9/2020 16:02:51.682,-0.452988,-0.106781,9.907684
Idle,17/9/2020 16:02:51.682,-0.46257,-0.097214,9.907684
Idle,17/9/2020 16:02:51.682,-0.450592,-0.09123200000000001,9.906479
Idle,17/9/2020 16:02:51.683,-0.45896899999999996,-0.102005,9.913666000000001
Idle,17/9/2020 16:02:51.683,-0.455383,-0.09840399999999999,9.913666000000001
Idle,17/9/2020 16:02:51.683,-0.455383,-0.093628,9.91008
Idle,17/9/2020 16:02:51.683,-0.467346,-0.097214,9.925644
Idle,17/9/2020 16:02:51.683,-0.45657299999999995,-0.088837,9.898117
Idle,17/9/2020 16:02:51.683,-0.45178199999999996,-0.098419,9.901703
Idle,17/9/2020 16:02:51.683,-0.460175,-0.10319500000000001,9.902892999999999
Idle,17/9/2020 16:02:51.683,-0.4422,-0.093628,9.917266999999999
Idle,17/9/2020 16:02:51.683,-0.450592,-0.097214,9.902892999999999
Idle,17/9/2020 16:02:51.683,-0.462555,-0.087631,9.906479
